spark.executor.cores,spark.scheduler.revive.interval,runtime
2.0,1000.0,171.29599000000005
3.0,819.0,171.29599000000005
3.0,946.0,171.29599000000005
2.0,887.0,171.29599000000005
2.0,650.0,171.29599000000005
1.0,817.0,171.29599000000005
2.0,733.0,171.29599000000005
2.0,619.0,171.29599000000005
4.0,951.0,171.29599000000005
3.0,843.0,171.29599000000005
