spark.default.parallelism,spark.executor.instances,spark.executor.cores,runtime
324.0,6.0,3.0,228.18973999999992
323.0,7.0,4.0,230.51897999999986
324.0,8.0,4.0,230.09079999999986
321.0,8.0,4.0,230.09079999999986
310.0,6.0,4.0,229.57903000000022
322.0,6.0,4.0,228.18973999999992
329.0,6.0,4.0,228.18973999999992
292.0,6.0,4.0,230.85448999999986
334.0,6.0,3.0,228.82304999999988
333.0,7.0,4.0,230.24025999999986
