spark.memory.offHeap.size,spark.shuffle.io.numConnectionsPerPeer,runtime
860.0,1.0,268.5371209716797
0.0,3.0,268.5371209716797
526.0,3.0,268.5371209716797
784.0,3.0,268.5371209716797
372.0,4.0,268.5371209716797
240.0,4.0,268.5371209716797
625.0,5.0,268.5371209716797
729.0,3.0,268.5371209716797
155.0,2.0,268.5371209716797
169.0,5.0,268.5371209716797
