spark.scheduler.revive.interval,spark.executor.cores,runtime
673.0,4.0,187.5896111111111
560.573932359848,3.8777039786652754,180.737
566.7769086205191,3.924219737746758,180.737
568.4697360007613,4.0,180.737
532.2202846780065,3.972114447184853,180.737
544.403177391656,3.9584624714431422,180.737
562.6937800580346,3.999716634593769,180.737
568.5408304200986,3.5118904564139193,180.737
541.70867636359,3.973893090181854,180.737
532.3891298231339,4.0,180.737
