spark.executor.cores,spark.executor.memory,spark.executor.instances,runtime
2.0,5.0,8.0,214.25983695389343
4.0,5.0,8.0,213.6132442426741
2.0,5.0,8.0,214.25983695389343
3.0,7.0,6.0,218.7980973333334
3.0,6.0,8.0,213.74420575824192
3.0,6.0,6.0,215.7804476673329
2.0,6.0,6.0,220.97628394998068
2.0,5.0,8.0,214.25983695389343
2.0,5.0,8.0,214.25983695389343
3.0,4.0,8.0,221.71888412121217
